{
  "project_info": {
    "project_number": "1062939948316",
    "project_id": "assignment3favoritemovies",
    "storage_bucket": "assignment3favoritemovies.firebasestorage.app"
  },
  "client": [
    {
      "client_info": {
        "mobilesdk_app_id": "1:1062939948316:android:2bbf713566b545f75cf6d9",
        "android_client_info": {
          "package_name": "com.example.moviesearch"
        }
      },
      "oauth_client": [],
      "api_key": [
        {
          "current_key": "AIzaSyCv33-SqGVj9M7DthGt9iGHVq5kGryWcTc"
        }
      ],
      "services": {
        "appinvite_service": {
          "other_platform_oauth_client": []
        }
      }
    }
  ],
  "configuration_version": "1"
}